Class,Name,Value
cab,enyenewl,2414
cab,ockoac,8215
cab,ikdagcy,18109
cab,ayshekki,21343
cab,ancorjo,20867
cab,idvowwed,27414
cab,iatmeuns,14345
cab,unwrain,5282
cab,atsfiv,4336
cab,aupclik,5681
cab,afmorc,19783
cab,ochotcil,15608
cab,enkkand,29560
cab,amwibs,22895
cab,ibflsruc,25422
cab,esnddceb,25729
cab,objoyhi,1495
cab,amciuca,20674
cab,okblahed,26237
cab,arlwras,24733
cab,afpansh,24201
cab,oadwowd,3917
cab,arcuim,21399
cab,uggdye,25008
cab,atfrim,22701
cab,edomboys,4228
cab,egnatab,23776
cab,oxdoghic,25588
cab,onwohyss,16820
cab,edjiye,27778
cab,osoccef,27768
cab,ifelas,20553
cab,imwrytsy,19046
cab,owbsuscs,25626
cab,ockihoba,23502
cab,aichash,18232
cab,epabcadu,28864
cab,orkbats,24363
cab,eitpem,11178
cab,eccest,26131
cab,iawxben,26089
cab,ecjeody,22743
cab,ofodwo,28714
cab,iapberci,23432
cab,oocsodpl,22525
cab,itquirla,25187
cab,adnerst,25131
cab,eenjoug,21738
cab,okquakar,27291
cab,ippfeip,20502
cab,eovsyt,23636
cab,evmaja,8975
cab,enidmopt,20731
cab,isekdyp,23935
cab,eavflid,24500
cab,ockolral,22490
cab,omwyek,22842
cab,efgoaku,25973
cab,ojwyky,25983
cab,edlyxy,23324
cab,ijprukfr,24878
cab,imoikcha,24880
cab,abniar,25415
cab,effneomi,27684
cab,uvjeahot,20643
cab,ogjoch,24406
cab,udveoyx,26906
cab,enjubpl,22537
cab,utjanre,26553
cab,owufrey,14295
cab,arphaud,23043
cab,oquiat,29283
cab,ujnawwe,24128
cab,asigno,27143
cab,ickphiwa,23885
cab,odklobci,23261
cab,acpegho,27347
cab,onyacju,24649
cab,awrenba,25138
cab,oowfmu,1509
cab,ogofvoit,13093
cab,ubjajo,25754
cab,abtyff,20612
cab,efcati,20976
cab,ioivkn,20986
cab,oggluv,15638
cab,uthiss,17593
cab,oivnabyo,27841
cab,eggfrij,24311
cab,umhenwed,18644
cab,udwiull,25561
cab,ucovlato,23281
cab,owgves,23957
cab,idjokva,24104
cab,osacmu,7451
cab,eosluip,26264
cab,odlorhem,26391
cab,iblool,18751
cab,ackgrica,11437
cab,onyenre,18391
cab,elswcky,22735
cab,uklsdryo,26795
cab,ujkiwe,24689
cab,amvefarl,16749
cab,efghakdi,22234
cab,eotcue,59
cab,ubnankke,25439
cab,edodblea,23053
cab,ushfeoj,24482
cab,ishvirv,25998
cab,ijcoga,24568
cab,indtwrat,18134
cab,idlorra,21567
cab,uchjafy,20619
cab,oilrag,932
cab,onannsov,5919
cab,otscokdr,25902
cab,ibpijda,23612
cab,ojbaso,22576
cab,eicmynts,10110
cab,ophugbe,25876
cab,ukgoaf,25141
cab,abyalwif,17902
cab,ebdafya,25686
cab,agyamker,8990
cab,owhagme,12134
cab,ilkble,21260
cab,edrafs,4530
cab,eesbaj,24907
cab,askmecle,22623
cab,iovlito,25881
cab,igglitby,21625
cab,ebstic,11448
cab,ioangio,16765
cab,epkiapme,25106
cab,oyclsdas,12656
cab,iagods,4218
cab,aswift,23905
cab,ijhigof,22216
cab,edeejdru,26083
cab,insodfl,21190
cab,egreosko,15325
cab,oljnek,24772
cab,amknywr,21817
cab,eydadgio,2848
cab,itbejsco,17061
cab,atnokvo,20178
cab,obheujvo,24514
cab,inquay,23527
cab,onvahe,23537
cab,eefayb,19101
cab,akyeerbi,20445
cab,ifkalda,19631
cab,ejkipub,22414
cab,ioytgor,16443
cab,uvreoipy,22144
cab,anidgib,22742
cab,ailbcuv,15088
cab,ivheoo,23733
cab,oshyon,26229
cab,acduou,23791
cab,eiboidne,24805
cab,ickguwa,23278
cab,ioajdig,26642
cab,occeyd,23147
cab,akvutvo,25945
cab,ajsips,24316
cab,esudcejo,19865
cab,utwoab,25073
cab,iphespha,14792
cab,imneesu,21629
cab,udguic,24288
cab,ofjeequo,21606
cab,ikkimm,26292
cab,oblyaga,22802
cab,alsheth,26340
cab,oydtesa,26710
cab,inghoghe,21071
cab,okavkau,25387
cab,utvohovy,20135
cab,obceoo,26028
cab,eolgug,20096
cab,aimidd,22443
cab,ovkojy,24207
cab,ootyecls,25708
cab,auctjir,23110
cab,oknscocy,23319
cab,erjcrey,22363
cab,evdyffu,23430
cab,idodly,23316
cab,aducrisi,21704
cab,opjermp,18937
cab,ojumna,22874
cab,elfyea,22893
cab,abdremlu,21792
cab,ascley,25251
cab,itacfl,22461
cab,icwiroic,25880
cab,aquawaw,23454
cab,inshfola,5546
cab,apsskyul,22748
cab,ipjiert,15359
cab,eoydba,12747
cab,awnbeb,22240
cab,erjtail,19836
cab,oasthul,14506
cab,erjboyni,20295
cab,eoffrij,24602
cab,aggjuo,22412
cab,oksbosfl,19292
cab,orptme,23993
cab,iackaw,25005
cab,usadrifo,10372
cab,udwebir,10633
cab,ugifmav,17421
cab,ujtrud,24045
cab,icdaheos,3280
cab,orsyalf,21664
cab,ispawwye,23797
cab,ancedvab,8725
cab,anupwr,14719
cab,ononma,24887
cab,ouvdank,21188
cab,eytups,20620
cab,eifvid,22526
cab,aivtytan,20543
cab,oktulsy,23421
cab,abwecnij,25436
cab,egwicjuv,13018
cab,otasfier,26720
cab,ugatna,27975
cab,eapceou,27312
cab,eckecky,16385
cab,aviltly,20326
cab,ijdeyd,25499
cab,arcksy,27309
cab,agdrea,23581
cab,orrrar,22444
cab,icodmup,16875
cab,adpaifo,23175
cab,aiwalb,21141
cab,agvexpia,21558
cab,otvasdar,24351
cab,andyol,24519
cab,uljior,16212
cab,ufdoyno,22429
cab,okneydy,15269
cab,ovnacgad,22239
cab,ubgihoot,24181
cab,isvayd,13864
cab,uvigcho,25455
cab,ilyutje,26173
cab,eavcaifo,23380
cab,apigcyd,24287
cab,ojfieza,19697
cab,afsfat,20908
cab,eadectio,20039
cab,eoivqued,19722
cab,uthomoov,19552
cab,efspheco,20486
cab,ayfsdu,24492
cab,ipdraw,3892
cab,equoaw,19025
cab,eddreba,20497
cab,ichikiga,25388
cab,abmuyawm,22553
cab,aniajcr,24602
cab,iphybcay,22281
cab,ejcrur,20605
cab,inghoth,20897
cab,aucjun,11163
cab,osckro,26436
cab,aurjyen,13898
cab,oafhynu,24170
cab,ektamy,25214
cab,ojfequia,17217
cab,otswrank,23324
cab,abjoolaw,8557
cab,oygvar,9796
cab,ajtreo,16942
cab,iorjtwav,25494
cab,omdrid,8052
cab,iodlac,23427
cab,ogshtcew,23123
cab,udwadla,33436
cab,omluaj,25523
cab,ebcicy,24854
cab,onkawcel,17248
cab,ocwyit,16656
cab,unquekov,22554
cab,ancyclsu,19743
cab,arcurbig,24408
cab,oncixpi,19752
cab,ogikligu,22245
cab,irjfen,26437
cab,ayquexar,25743
cab,ootquoa,13261
cab,iatojbo,21349
cab,imwyojy,25620
cab,agjitfa,27262
cab,ognowwoz,23148
cab,ejshigib,29342
cab,adkavy,19326
cab,arhilby,25366
cab,igsoysla,23724
cab,ucbiyaym,24417
cab,ecfesy,25484
cab,ogurjupo,19978
cab,inhiala,6491
cab,eybmij,23687
cab,udtiogi,22983
cab,occroksy,22221
cab,ofikco,28976
cab,eshroa,26208
cab,idholv,26989
cab,elbnaxa,27084
cab,ojfanni,23163
cab,ecgojtyt,23619
cab,aysmsla,26297
cab,utthwaju,6972
cab,iodjiesh,22241
cab,odolfev,17991
cab,etnads,27187
cab,eufdod,18160
cab,umsmtha,28832
cab,icdapnu,24872
cab,equioc,29835
cab,efonve,28963
cab,ifefrof,15152
cab,easnsvu,17601
cab,evjoko,25762
cab,ashgati,12296
cab,ayshowg,7602
cab,uvburki,13530
cab,edglevi,23676
cab,idsmuk,23425
cab,acgerl,13457
cab,erulghiv,27839
cab,ojpoota,23984
cab,ocjeng,25301
cab,atidfi,24410
cab,eghanwib,20808
cab,ecdiwovu,24131
cab,eokracy,24801
cab,anucks,21537
cab,ebenfrag,20074
cab,oirzgont,21310
cab,upsjavci,23002
cab,atcilav,22696
cab,ewvnil,20102
cab,igvidth,26191
cab,ojroigna,26826
cab,obsimjio,25602
cab,ophgir,20792
cab,akgicjud,25223
cab,ecnoplsi,23273
cab,edgrat,22468
cab,ubjaju,20833
cab,imhacy,7483
cab,ifanfadd,15632
cab,inckkiv,21588
cab,aitpygg,25674
cab,ijhipvo,25295
cab,isnthli,5670
cab,oapwycti,25626
cab,ejnoax,16679
cab,edmugrip,23904
cab,evbacclu,25109
cab,ikujfurk,20539
cab,upthin,48847
cab,iovhar,25324
cab,idbaybim,20317
cab,ugdifbl,17181
cab,etalrab,25150
cab,amnurgji,15143
cab,aslagni,22682
cab,ibwicim,18729
cab,erwumu,24106
cab,ankped,22854
cab,odscixam,20945
cab,indyep,22621
cab,ijthind,19591
cab,inlica,23356
cab,opmisa,23630
cab,ekyosjo,27228
cab,icedpa,15532
cab,ifragcic,17318
cab,ekfrab,19347
cab,ojachme,25013
cab,ainplin,26236
cab,uvjova,15413
cab,umvohug,25503
cab,ayquasto,21997
cab,eacderph,22694
cab,eersdo,24871
cab,itpivoa,24832
cab,opgovebo,19840
cab,eedigkr,24573
cab,ellimtbu,22313
cab,onghoji,22308
cab,eryeig,26664
cab,odocjeca,23805
cab,ewbglo,22607
cab,ucgewft,25426
cab,eoccoirv,27547
cab,ijtowhur,25838
cab,ejtobu,25845
cab,ewufri,25390
cab,ochtin,19586
cab,enarwee,24041
cab,eegcef,19419
cab,ednillo,26896
cab,iahorou,16305
cab,elaflevy,25726
cab,exskafvo,25500
cab,artgagvu,23262
cab,agsuec,23404
cab,eglohabs,20159
cab,ajsnedsi,22732
cab,isfikti,22670
cab,icagpony,24768
cab,enyonsn,28586
cab,ocshitcl,22039
cab,ideutgoa,25706
cab,iofplik,18385
cab,oygmebra,21156
cab,upchimy,26424
cab,idjoat,5949
cab,ojvighta,23961
cab,utlurva,25316
cab,ivkockim,24123
cab,eybyay,26499
cab,epemvagu,24632
cab,oogchyog,22137
cab,agivle,24871
cab,aydwaho,24313
cab,abnovkak,23310
cab,iafstnue,22043
cab,ijpiawl,24152
cab,alnihi,23520
cab,ecforj,21264
cab,abgibo,24252
cab,ebrulra,15673
cab,evtitdea,24566
cab,acdiyito,15145
cab,omcuky,23304
cab,okchympy,20911
cab,itcemra,22928
cab,ilcoby,22907
cab,ekenucki,25267
cab,ucvepnuv,19980
cab,egoiwroi,185
cab,oakpikoo,19479
cab,ewedkl,17388
cab,atfrav,11653
cab,ibgryk,20753
cab,ujtosh,14379
cab,idjojwa,3962
cab,ajthof,22826
cab,uttorhig,20684
cab,otmegok,9350
cab,ogphagpi,26076
cab,elvgid,8004
cab,agcowktu,20518
cab,eshria,21023
cab,ilkedve,22597
cab,ucdewy,7512
cab,ujhuki,22732
cab,ifeshce,1003
cab,atzumbon,25207
cab,enekbl,22558
cab,elhuyoi,5427
cab,ogawjem,20628
cab,ovyijna,21869
cab,avdyab,21338
cab,otfahona,17170
cab,okvats,14382
cab,etirnfew,3877
cab,ugthfu,17673
cab,awribig,18644
cab,aldhidd,15997
cab,ickviya,22821
cab,abcoij,5454
cab,idtwal,4009
cab,iotklojy,23102
cab,acvebr,23692
cab,oiphye,19736
cab,oahudflo,24515
cab,elwesnn,20991
cab,afweka,23122
cab,itbadpi,22172
cab,eincufpy,3920
cab,efmymo,3097
cab,ictmuog,8880
cab,ajixdo,17938
cab,ogdygdyd,25121
cab,abboip,22717
cab,ektuyo,18695
cab,izowcu,13755
cab,aypudby,22894
cab,orocdu,15455
cab,ejesbay,20592
cab,avpavi,22997
cab,udthon,22486
cab,ubzachy,19620
cab,idshywr,21480
cab,aygpha,18440
cab,idcadgi,16012
cab,oipial,23769
cab,opnown,13730
cab,appsri,15008
cab,egteir,14274
cab,oncalku,25337
cab,ogijtri,24072
cab,odoywug,18982
cab,ansyut,23645
cab,ipdioisi,22420
cab,avglybic,17545
cab,utkibedy,15650
cab,ithpett,16267
cab,iaggrijo,17916
cab,acitva,17253
cab,icdultha,11280
cab,eagbaci,13438
cab,ichankru,17927
cab,uthsyis,10827
cab,ictlypt,14869
cab,evijcey,10816
cab,iacbyb,12137
cab,iafbagci,20176
cab,urfhod,22446
cab,evfler,12787
cab,usbekhia,22328
cab,obacvau,20253
cab,eemafbij,14391
cab,itmeps,18653
